name,Gender
asdlfjalsjfdlsajflkjsa,
Haruki,M
Emily,F
Emiri,F
Hiraku,
Yukari,F
Hisako,F
John,M
Mary,F
Robert,M
Jennifer,F
Michael,M
Linda,F
William,M
Elizabeth,F
David,M
Susan,F
Richard,M
Jessica,F
Joseph,M
Karen,F
Thomas,M
Nancy,F
Charles,M
Lisa,F
Daniel,M
Margaret,F
Matthew,M
Betty,F
Christopher,M
Dorothy,F
Anthony,M
Sarah,F
Mark,M
Sandra,F
James,M
Ashley,F
Paul,M
Kimberly,F
Steven,M
Donna,F
Andrew,M
Emily,F
Kenneth,M
Michelle,F
Joshua,M
Patricia,F
Kevin,M
Carol,F
Brian,M
Amanda,F
Edward,M
Deborah,F
Jason,M
Stephanie,F
Jeffrey,M
Helen,F
Ryan,M
Sharon,F
Jacob,M
Cynthia,F
Gary,M
Angela,F
Nicholas,M
Melissa,F
Eric,M
Rebecca,F
Stephen,M
Laura,F
Jonathan,M
Shirley,F
Larry,M
Amy,F
Justin,M
Anna,F
Brandon,M
Ruth,F
Scott,M
Kathleen,F
Frank,M
Virginia,F
Benjamin,M
Brenda,F
Gregory,M
Pamela,F
Samuel,M
Catherine,F
Raymond,M
Nicole,F
Alexander,M
Christine,F
Patrick,M
Janet,F
Jack,M
Debra,F
Dennis,M
Carolyn,F
Jerry,M
Rachel,F
Tyler,M
Joyce,F
Aaron,M
Heather,F
Jose,M
Diane,F
Henry,M
Julie,F
Adam,M
Emma,F
Zachary,M
Frances,F
Peter,M
Evelyn,F
Kyle,M
Joan,F
Carl,M
Christina,F
